Ticker,MarketCap,Turnover
A,17.057B,131465088.211
AADR,2.553B,191255.480519
AAN,9.462B,27292259.9019
AAP,1.450B,86831586.167
AAT,1.138B,6294598.91332
AAXJ,2.402B,36283421.8552
AB,52.560B,8421424.03615
ABB,87.454B,39644922.233
ABBV,16.428B,276719108.177
ABC,2.035B,109471301.048
ABG,1.487B,16067005.4587
ABM,348.9M,5491092.03072
ABX,4.028B,259372415.344
ACC,699.4M,27085148.8081
ACCO,35.192B,4297425.88643
ACG,4.879B,6519382.86246
ACH,757.8M,903976.618429
ACI,3.192B,35986396.0768
ACM,11.852B,19920314.8794
ACMP,52.583B,24768052.9744
ACP,349.8M,928662.625176
ACRE,38.872B,3278174.83286
ACWX,442.0M,17536132.8803
ADC,28.725B,2592591.54068
ADRU,15.219B,129245.322426
ADS,6.034B,168722193.047
ADT,1.295B,118586832.034
ADZ,50.528B,8858.14876033
AEB,1.023B,647993.44585
AEC,53.243B,7753213.6563
AED,9.725B,1063058.59008
AEH,1.780B,2276873.80256
AEL,6.513B,18637700.5724
AEM,2.269B,63447733.6564
AEO,26.903B,68080180.2625
AFK,28.429B,940433.651543
AFL,2.359B,120129017.26
AFT,1.221B,927500.221629
AGC,5.229B,778736.077585
AGG,1.235B,122557052.766
AGI,330.1M,3825646.07108
AGN,4.506B,335115361.322
AGQ,1.111B,17347804.378
AGRO,13.095B,1773538.60229
AH,264.2M,4031776.14826
AHC,2.921B,735946.261427
AIF,79.407B,1238061.38296
AIG,1.192B,468728284.562
AIN,283.8M,4024397.81863
AIQ,1.038B,1391961.3787
AIR,2.086B,8643349.33498
AIT,4.712B,8743504.94792
AIZ,7.344B,36321526.7209
AKP,1.624B,376191.628718
AKR,1.065B,7628055.53337
AKS,3.962B,36513068.6087
AL,5.665B,24136909.6825
ALDW,2.074B,4289586.21082
ALE,1.983B,9286111.63203
ALEX,649.3M,7670522.39951
ALG,894.1M,1422147.96008
ALJ,6.549B,9697200.95212
ALK,25.480B,57471977.8398
ALT,9.895B,134653304.965
ALU,9.888B,55931787.9451
ALV,1.897B,41111186.5885
AMD,13.067B,89552844.931
AME,11.276B,55085891.8646
AMG,326.5M,82646173.841
AMLP,22.641B,53184028.0559
AMRC,357.1M,1105123.55372
AMRE,35.332B,1307666.25599
AMT,17.209B,186966396.515
AMTD,525.6M,84419453.2453
AMTG,69.068B,5834097.05109
AMX,6.970B,127232344.919
AN,3.133B,50191003.3902
ANF,387.1M,103457743.127
ANFI,656.3M,3866486.39831
ANN,803.5M,34294724.7434
ANR,479.3M,61475749.4638
AOD,229.2M,2910694.99916
AOK,3.098B,821728.149901
AOM,26.870B,1284117.25091
AOR,4.485B,1405761.8138
AOS,236.0M,33528547.8179
AP,38.331B,610372.747212
APB,55.339B,230224.613519
APC,27.498B,369352843.075
APF,15.106B,618185.328611
APH,2.756B,48952961.8761
APL,4.018B,16822238.2147
APO,4.187B,32752218.6384
ARB,286.4M,17007689.5392
ARDC,5.475B,1038246.573
ARL,272.9M,53764.0692641
ARO,1.324B,27993791.3517
ARP,1.525B,10687960.9435
ART,5.928B,509944.420949
ARW,905.0M,30997534.9303
ARY,276.6M,476550.958153
ASG,1.939B,401697.972302
ASGN,8.415B,11586676.2088
ASP,39.474B,215928.745826
ASR,9.704B,7037706.47507
ASX,430.7M,3750946.80197
AT,2.179B,4290228.8132
ATE,4.662B,171516.59684
ATI,4.354B,44224165.8395
ATK,2.318B,48781952.7833
ATLS,5.312B,19429275.4479
ATO,4.345B,24746306.5015
ATR,2.388B,13819075.3762
ATU,48.4M,20938040.2229
ATV,3.368B,19174.5834331
ATW,6.820B,34673648.8101
AUO,1.052B,2247619.10585
AUQ,6.217B,10294008.8994
AUY,25.370B,71153943.4331
AV,1.999B,2163236.93077
AVA,18.363B,9329104.14872
AVB,371.4M,100827328.909
AVG,1.351B,14236833.4286
AVK,6.343B,1214196.38596
AVP,6.027B,69183316.9907
AVV,2.202B,946438.3127
AVX,4.839B,2328583.46283
AWF,3.728B,3587752.81479
AWH,3.150B,51378567.0975
AWI,8.711B,43334869.2239
AWP,1.254B,1753279.02296
AXL,3.225B,26304833.0938
AXP,44.2M,312255890.924
AXR,4.788B,100902.181331
AYN,1.431B,223459.820281
AYT,93.705B,81100.1855288
AZN,17.343B,173817753.839
AZO,1.131B,130548251.687
AZZ,2.083B,6521237.86187
B,92.655B,10484089.4805
BAB,162.7B,4333981.49013
BAF,3.161B,418962.423118
BAH,5.226B,12275832.8752
BAL,345.4M,722726.374037
BALT,26.496B,4690148.88227
BAM,12.444B,27158868.9993
BAP,1.099B,50868815.6559
BAS,40.109B,17874489.4777
BAX,62.637B,228290911.061
BBD,63.225B,105702768.709
BBK,171.7B,483927.800917
BBN,28.108B,5606185.79374
BBVA,226.5M,19591221.2622
BBW,313.0M,737791.259309
BBX,10.659B,510600.940012
BBY,3.859B,227575733.512
BC,4.177B,39657491.5325
BCA,1.155B,1220516.99402
BCC,34.963B,9512687.02805
BCE,2.404B,28705151.2974
BCF,12.641B,2018564.04027
BCH,1.315B,4549481.5129
BCO,11.071B,10732367.0869
BCR,63.806B,91279168.4014
BCX,3.365B,2345734.03418
BDJ,2.398B,3699306.7376
BFO,2.131B,238662.03407
BFR,1.006B,2017471.7198
BFZ,10.994B,1104565.42371
BGB,1.225B,2661114.96273
BHL,557.2M,353466.056476
BHLB,180.9B,1848031.40027
BICK,2.771B,59453.3973365
BIF,2.488B,334223.201164
BIK,2.915B,1936640.76454
BIN,3.429B,4462415.427
BIT,1.867B,3075397.44158
BJZ,41.327B,224837.615168
BKD,2.143B,41703954.0636
BKF,2.691B,3360282.27891
BKN,1.294B,763327.564232
BKT,3.482B,1067050.62994
BKU,9.435B,20869803.5563
BLH,53.617B,188315.902907
BLK,8.674B,187804240.685
BLL,703.0M,48416564.9351
BLOX,636.1M,42390572.5586
BLW,1.114B,2147251.47647
BLX,2.126B,3272269.2091
BME,754.6M,646016.287851
BMS,82.411B,25084192.7443
BNJ,559.6M,325506.479451
BNO,80.483B,1978035.51086
BOE,2.588B,3192221.82661
BOM,68.4M,33153.2194674
BOXC,161.9B,35843.102097
BP,605.6M,230411773.938
BPK,9.433B,497377.57542
BPT,358.6M,9544494.09235
BQR,4.922B,409679.359382
BRAZ,1.500B,60927.1687562
BRF,20.930B,2862569.18124
BRO,2.372B,26848138.2594
BRP,2.814B,2861091.97493
BRS,103.3M,18539403.8461
BRY,12.649B,28890569.232
BSAC,25.527B,7852049.37966
BSE,215.0M,247166.505333
BSL,17.820B,1037461.09741
BSV,16.798B,78235452.3049
BSX,50.743B,158612685.495
BTA,5.668B,495854.712843
BTF,121.0M,489734.759469
BTT,4.458B,5381226.29737
BTZ,185.5B,3951480.78057
BUI,2.715B,1141081.3086
BVN,14.753B,25684023.51
BWA,3.529B,105180925.92
BWG,4.276B,1537561.22124
BWP,1.244B,34188122.3515
BWV,18.977B,53980.3926463
BX,103.5M,144619906.599
BXUC,1.309B,3864.24544143
BYD,2.533B,32300881.7379
BZF,548.1M,5030554.72858
BZQ,855.6M,1389238.27233
CAB,1.639B,52597913.2442
CACI,3.432B,21989374.1044
CAF,12.100B,3219474.01417
CAG,23.661B,112931001.893
CAH,37.140B,153029705.432
CAJ,389.0M,10389480.8613
CALX,13.734B,4038548.82094
CAM,475.8M,183231336.355
CAP,257.8M,2581280.78016
CAT,833.3M,483836258.168
CATO,22.657B,3895144.33172
CB,807.0M,104168298.088
CBG,7.269B,63373346.834
CBI,329.3M,95129867.7219
CBK,3.178B,1988926.22972
CBM,372.7M,5048094.57
CBR,35.507B,981200.137085
CBT,1.472B,12912202.22
CBU,429.8M,4959344.76691
CBZ,1.178B,3063020.01142
CCC,11.955B,5708658.00217
CCE,555.9M,91863986.5263
CCH,24.733B,325734.642506
CCI,7.562B,181328416.212
CCJ,6.778B,37884681.3111
CCK,29.549B,50582551.6791
CCL,360.0M,147786761.984
CCM,2.939B,673361.919265
CCO,372.2M,1762236.12245
CCS,239.7M,17533687.5833
CCSC,4.399B,356021.732727
CCZ,925.5M,123469.294054
CDE,286.6M,18941307.5754
CDI,459.0M,771455.937033
CE,3.935B,54935825.6684
CEA,2.247B,399678.296509
CEM,77.807B,3596433.19256
CEW,12.588B,1090945.04638
CFI,9.198B,506463.769982
CFN,4.792B,63153331.4758
CFT,9.155B,5851793.77482
CFX,70.7M,30155914.7516
CGA,2.519B,468518.138322
CGG,493.0M,565854.828787
CGX,39.147B,4295364.5904
CHA,185.9M,2721667.43311
CHC,9.459B,230911.816495
CHD,1.582B,44565916.4896
CHKR,193.6B,2684650.74517
CHL,2.502B,52763156.2826
CHN,2.438B,987151.800004
CHS,1.472B,41207987.1337
CHSP,24.870B,7700103.36294
CHT,35.605B,5082839.84573
CIA,12.820B,572006.748642
CIB,7.400B,17633820.2243
CIF,10.255B,165739.385694
CII,3.216B,2126880.22136
CIM,1.335B,19073875.4401
CKH,586.8M,12024517.9435
CKP,62.200B,2627850.09786
CL,7.167B,196036350.51
CLB,3.075B,54860653.1025
CLC,1.112B,12483234.082
CLD,589.5M,15198685.6041
CLDT,2.200B,3799486.54887
CLF,2.782B,156160048.425
CLGX,3.787B,24489818.4544
CLH,1.957B,35620296.121
CLI,2.089B,20698062.2988
CLR,2.248B,132752546.238
CLS,2.112B,3125808.36364
CLV,1.267B,5054449.68035
CLW,11.737B,7222251.42087
CLY,35.572B,3861768.83004
CM,9.153B,14326897.086
CMA,2.113B,66674154.4549
CMD,18.634B,485211.470119
CMG,28.706B,229370459.782
CMK,4.126B,202362.347107
CMLP,1.489B,9989568.41581
CMN,1.244B,3785303.26531
CMP,1.744B,20576953.0465
CMRE,8.264B,2665135.71316
CMU,10.673B,275006.492082
CNA,4.310B,5882149.3761
CNC,9.448B,35025373.7324
CNH,52.242B,12216902.5911
CNI,3.915B,65559934.2892
CNK,3.523B,19517580.992
CNL,3.839B,13991049.1747
CNO,10.769B,25633732.2438
CNP,49.186B,94827238.9386
CNQ,1.926B,83880410.4732
CNS,2.822B,4971837.07029
CNW,10.645B,28605698.2154
CNY,407.4M,306134.4451
CO,1.268B,555299.834711
CODE,859.7M,12059645.3472
CODI,47.010B,2103003.30279
COG,9.349B,229579837.163
COH,10.624B,233092947.39
COL,6.561B,58367373.5914
COO,105.1B,52535344.2762
COPX,688.5M,287989.498641
CORR,653.7M,806463.83576
COT,40.967B,3267546.02041
CP,6.365B,99106110.7008
CPA,960.2M,50707903.3062
CPAC,14.227B,327634.884129
CPB,451.4M,73898828.5359
CPE,718.5M,4162003.59281
CPI,678.7M,665603.043421
CPK,8.819B,1784463.53783
CPL,10.013B,6891120.69933
CPT,482.3M,37230265.4073
CQQQ,4.371B,1253708.99773
CRH,3.758B,4873508.77911
CRI,1.330B,43144261.3319
CRK,2.600B,23545459.4556
CRL,35.250B,25670968.5099
CRR,3.360B,33418113.6628
CRS,201.4M,18777142.8105
CRT,253.3M,529451.111299
CRY,46.554B,1196291.68719
CS,9.270B,28950841.0665
CSJ,5.509B,73399860.7558
CSP,244.6M,324774.538708
CSS,680.0M,598466.593074
CSU,320.3M,4947687.01355
CSV,30.774B,2370588.11851
CTB,18.3M,36972449.2098
CTC,20.705B,41700.7841682
CTR,623.3M,1875050.68571
CU,1.191B,230539.257773
CUB,2.645B,5115641.68775
CUBE,29.565B,21206579.5739
CUT,2.447B,1219412.25521
CVB,4.725B,9741.60817826
CVC,4.960B,54620858.3781
CVD,23.819B,37014996.3726
CVE,2.137B,29732715.6121
CVH,4.147B,6476698.08204
CVI,239.5M,20644693.9694
CVO,3.658B,1535182.30159
CVRR,88.515B,11804225.4189
CVS,249.8B,359436483.04
CVY,3.206B,4911935.00991
CWI,1.127B,2168556.80876
CWZ,16.128B,32445.5754573
CXH,14.593B,280398.026311
CYB,761.0M,1045294.73121
CZZ,40.573B,14921314.9837
D,654.7M,166911248.236
DAG,33.211B,191716.582804
DAL,3.757B,410918313.311
DAN,983.7M,46259624.0544
DANG,3.390B,37070497.1103
DAR,4.772B,27135673.6617
DATA,37.184B,77433993.327
DBB,2.504B,3038505.20995
DCI,70.371B,16641388.4552
DCM,282.3M,3877803.91859
DCO,2.664B,1622978.79607
DCT,62.282B,40763450.8124
DDC,5.954B,3422877.71648
DDD,46.5M,304020708.573
DDP,6.284B,39697.6044302
DDT,32.792B,175773.21422
DEF,6.707B,963828.988625
DEG,4.082B,3376402.62889
DEI,765.1M,21092801.6698
DFP,28.797B,2060767.00513
DG,2.014B,212968663.05
DGT,8.457B,360526.283128
DHG,7.826B,765642.556924
DHI,55.606B,147940791.326
DHS,492.9M,2604612.75313
DHT,395.4M,1706942.70025
DIM,1.528B,528648.881918
DIN,145.3B,8937941.0755
DIS,1.810B,520603671.133
DKT,548.0M,2707117.46841
DL,4.349B,3069213.62934
DLN,20.649B,6525755.38746
DLPH,7.796B,114409192.499
DLS,2.860B,3616295.3053
DMO,4.073B,664189.35674
DNP,6.468B,3551077.89993
DNY,6.724B,77759.3377186
DOO,14.946B,1601547.64385
DOV,62.197B,99505242.4022
DOW,7.446B,378687176.414
DPK,6.190B,235309.56635
DPO,11.490B,1043479.41193
DPS,4.029B,75360669.1327
DPZ,280.1M,34636644.8516
DQ,4.798B,3506320.92092
DRC,111.5M,50321412.4007
DRD,5.885B,513407.927025
DRH,6.161B,20087797.1018
DRI,30.7M,79244939.1439
DRN,4.363B,7845488.16883
DRR,14.726B,177036.790502
DSM,3.869B,971928.679373
DSU,2.728B,2138361.36009
DSW,898.2M,66311036.5579
DTD,13.814B,1664188.92262
DUG,51.657B,5060295.67943
DUK,2.749B,210889763.698
DV,15.392B,21661179.8289
DVA,105.1M,107208959.049
DVM,32.412B,657860.021215
DVN,135.3M,207134284.329
DVY,1.165B,51932716.1413
DWM,2.411B,1427103.62894
DWX,471.5M,8270254.18583
DXJ,1.040B,253492024.221
DY,3.482B,6129188.65655
DZZ,98.702B,2959907.21641
EAA,3.305B,564883.367441
EAT,401.4M,45667982.6663
EBF,4.031B,1411815.20659
EBS,75.840B,5867671.20976
EC,17.880B,18916522.2516
ECH,32.256B,11414622.931
ECON,128.0M,7897473.72913
ECT,16.707B,1069401.26803
EDD,1.088B,4558208.21746
EDI,283.2M,981717.673713
EDN,1.215B,715316.164615
EEP,2.292B,23354813.3316
EFA,610.1M,1076128503.53
EFV,8.786B,10318493.737
EGF,682.5M,446101.683514
EGL,6.443B,5105826.10912
EGN,5.031B,61735941.7415
EGO,1.977B,36577829.3879
EGPT,395.6M,1175014.33167
EIDO,670.2M,15538749.0882
EIS,18.752B,2155607.1378
EIX,1.171B,102670583.77
ELX,614.0M,8329546.42726
EMB,53.803B,83835332.3398
EMD,2.970B,1438527.61905
EMMT,13.100B,41121.1154214
EMO,219.2M,1491183.10778
EMQ,47.031B,84707.8465921
EMZ,39.403B,390351.818969
ENB,68.8M,35873723.9571
END,2.272B,4535172.94309
ENI,15.196B,9638576.99548
ENL,7.410B,2025637.26497
ENR,3.232B,56789164.0558
ENS,1.686B,20683404.0563
ENY,221.3M,246180.551106
ENZL,12.442B,1439927.43455
EOD,63.406B,1620000.55239
EPAM,8.019B,17225507.668
EPB,72.105B,27266430.0186
EPP,2.948B,36307408.018
EQL,4.604B,898637.795
EQM,22.759B,12211086.5439
EQS,16.221B,49125.4030659
EQT,194.2M,130448286.976
EQU,2.821B,1382298.50505
EQY,580.0M,11328487.8311
ERA,4.917B,2616702.87828
ERF,6.623B,11274444.8415
ESD,908.5M,2346792.5694
ESE,405.2M,3575332.4844
ESI,3.702B,15999891.4252
ESR,11.474B,591294.852383
ETB,32.436B,1008922.94048
ETG,717.6M,2607613.99183
ETJ,396.3M,2604472.33148
ETM,36.701B,677142.408501
ETO,18.285B,982652.729597
ETP,14.560B,53369181.226
EUSA,4.421B,1238395.45192
EV,533.8M,28796610.1574
EVC,2.481B,4341061.29808
EVN,2.016B,981392.865576
EVX,8.936B,44289.4128109
EWZS,1.214B,255738.092202
EXAM,31.103B,8866633.1658
EXG,2.970B,9071074.76494
EXI,540.9M,2517219.33146
EXK,631.6M,6497794.12344
EXP,1.378B,52047954.4692
EXPR,6.167B,31499850.1015
EZY,68.013B,112832.703473
FAB,101.2M,784178.005959
FAD,2.981B,343497.079215
FAZ,1.017B,128461999.545
FBP,5.525B,5672592.52648
FBT,344.8M,11099710.5398
FCHI,1.499B,134366.890725
FCN,1.976B,13945632.298
FCT,37.155B,1357718.04848
FDN,7.704B,25442815.0732
FDO,1.671B,104764473.414
FDP,4.921B,5470133.16017
FDX,14.441B,285343964.305
FEI,845.8M,2642126.8896
FEO,3.347B,407902.612057
FEZ,719.6M,66637749.3879
FGP,2.806B,4278337.27739
FHY,2.127B,528752.006241
FIF,1.539B,1168169.41775
FIG,3.085B,12326042.6803
FII,1.225B,19298366.6869
FIO,15.912B,40200083.3462
FIW,584.0M,1141673.82442
FLM,4.365B,93911.5362156
FLO,12.168B,24422390.942
FLR,10.444B,102152057.471
FLS,11.003B,75239883.608
FLT,1.239B,95914636.3019
FLTX,599.4M,19705591.6256
FLY,9.384B,3167667.68511
FMY,728.4M,256915.136805
FN,2.103B,3901293.13626
FNB,8.960B,11094150.7517
FRI,426.5M,2056171.88872
FRN,282.2M,575172.816551
FRO,8.099B,4452915.33508
FRT,27.131B,46580837.5369
FSD,7.073B,2006122.28733
FSL,682.2M,34058351.4193
FTI,1.715B,91369723.2147
FUE,2.506B,28617.7405971
FUL,2.988B,13549252.7019
FUN,542.5M,7063818.81235
FVD,242.1M,2304655.36083
FXC,664.2M,5690323.94779
G,2.840B,20961528.9706
GAF,1.091B,374056.731264
GAZ,1.221B,250408.071617
GBF,2.139B,1500708.33005
GBL,1.616B,1311689.07595
GBX,579.4M,15192505.6752
GCA,325.5M,4264090.80334
GCH,6.956B,318480.3246
GCI,1.939B,59156422.932
GDO,779.9M,824913.376623
GDOT,1.205B,12388848.5096
GF,598.3M,861233.31167
GFA,604.5M,4234146.13622
GFF,2.806B,1674203.16883
GFI,421.2M,22610516.287
GG,10.619B,178310594.054
GGE,4.652B,395424.475797
GGG,21.188B,17349471.3649
GHI,1.350B,820103.49806
GHY,10.405B,3090582.05611
GII,6.915B,622961.797268
GIM,31.806B,3621302.11334
GLD,1.198B,971227827.88
GLL,2.307B,12188939.6651
GLOG,1.087B,13741281.0538
GLP,1.146B,1247854.35337
GLT,28.786B,5362697.49907
GLW,59.482B,208918058.65
GME,2.275B,141889845.912
GMF,5.027B,2762270.00304
GMMB,3.013B,17344.0661719
GNR,3.418B,4162884.91223
GNT,8.650B,1095659.42289
GOF,1.547B,1216675.97294
GPI,3.812B,23812997.6376
GPM,5.186B,645656.007346
GPN,18.264B,48543004.8965
GPS,478.6M,183821658.133
GPX,7.251B,1503614.85499
GRN,72.0M,63614.8478102
GRR,1.563B,200609.014449
GSF,2.550B,2969232.56948
GSH,53.1M,475209.471993
GSI,12.480B,135939.876314
GSJ,128.6B,1319227.74026
GSK,233.5M,126619645.61
GSL,6.778B,422638.643616
GTI,709.3M,12756217.5698
GTS,635.2M,1961292.3178
GWR,2.736B,36891286.974
GWRE,7.280B,27109538.2122
GWRU,17.493B,628667.497048
GXG,4.085B,2210760.51318
GYC,2.392B,39244.3440715
GZT,9.412B,144493.676505
H,1.801B,16381579.0006
HAE,58.643B,16042204.9748
HAP,7.246B,584922.459474
HBC_A,9.631B,err
HBI,1.797B,52457797.8972
HBM,25.276B,273611.606904
HCA,4.794B,138377186.122
HCF,454.8M,err
HCI,1.982B,8003865.93582
HCLP,18.301B,7924334.00052
HCN_J,18.791B,err
HCS_B,110.1B,err
HD,219.7B,534304831.049
HDB,69.9M,39162669.2551
HDY,2.590B,1661085.66136
HEDJ,3.359B,12932618.717
HEK,2.067B,err
HEQ,31.231B,827479.254605
HES,1.374B,208602407.004
HF,9.053B,4902446.60634
HFC,284.9M,135280026.592
HGI,1.118B,179346.882948
HGR,447.8M,7585508.60692
HGT,5.986B,1766717.33215
HHC,449.5M,19009280.604
HHY,2.030B,288330.652176
HIF,16.157B,err
HIH,4.623B,176741.74397
HII,261.1M,30476283.863
HIS,3.783B,err
HJV,2.889B,102009.501715
HK,1.132B,28748016.4161
HL_B,6.290B,err
HLF,3.154B,192857525.339
HLS,2.720B,17430935.9086
HMA,62.864B,62147828.6533
HMC,3.614B,20140406.9387
HMH,1.262B,329517.933303
HMN,1.265B,4526227.73081
HMY,1.741B,9402055.40582
HNI,15.315B,6166766.2258
HNP,210.9M,1497075.06164
HNR,3.280B,2122210.32297
HNZ_,15.213B,err
HOG,72.995B,82552039.1539
HON,1.676B,236124716.49
HOS,15.513B,28787440.5172
HOT,715.8M,121230793.859
HOVU,12.337B,err
HPI,1.687B,1729277.38
HPP_B,62.859B,err
HPS,4.438B,1541284.83507
HPT_D,1.513B,err
HQL,2.416B,1634263.02513
HR,9.153B,12021638.3343
HRB,2.323B,75707352.7644
HRC,1.871B,14582011.279
HRG,12.835B,3839361.75769
HRL,7.990B,31749810.0201
HSA,2.222B,184744.028748
HSC,7.616B,13379767.7254
HSH,8.660B,77405001.7684
HSP,16.592B,43081321.2993
HST,21.644B,119087026.642
HSY,1.290B,86966088.4385
HT_C,2.831B,err
HTD,976.7M,1980769.17996
HTGC,1.622B,8171319.25916
HTGZ,1.907B,152456.521505
HTR,1.917B,1120704.74751
HTY,12.504B,419931.97189
HUB_B,19.916B,err
HUM,6.699B,142534481.242
HUN,356.1M,75749703.8789
HVB,552.7M,592899.994884
HVT_A,971.0M,err
HWD,3.959B,err
HXM,1.470B,err
HZK,396.4M,err
IAE,1.500B,691768.96876
IAU,2.627B,44703991.6475
IBI,182.9B,err
IBM,28.276B,857675743.172
IBN,1.232B,80450844.1006
ICB,21.621B,358544.494331
ICS,2.892B,err
IDE,100.0B,1054841.32205
IDG,413.5M,1941369.98862
IEV,6.452B,39591379.2977
IFEU,8.441B,320925.819669
IFSM,135.1M,260478.94138
IGR,3.900B,2897834.32872
IGV,241.4M,10971931.2499
IHF,10.471B,3539735.84449
IHI,9.195B,7361836.9146
IKR,488.5M,err
ILF,4.487B,19255747.062
IM,1.886B,27987106.3539
IMF,139.0M,err
IMN,599.4M,662919.350275
IMPV,8.291B,17868931.4809
INB,98.611B,881172.695389
INF,30.473B,1142779.73718
INFY,54.490B,73511267.1974
ING,5.624B,27081136.9709
INGR,900.9M,38899119.124
INR,3.405B,54454.9358333
INT,1.939B,16542865.1298
INVN,1.865B,50229886.6411
INXX,99.226B,483674.677011
INZ,671.0M,1475495.42512
IO,3.136B,6664912.43953
IOO,21.096B,3459657.53026
IPF,8.244B,113197.048519
IPG,465.3M,86016684.2312
IPHI,1.238B,2679373.25425
IQT,16.869B,err
IR,1.042B,145759450.02
IRC_A,11.555B,err
IRE,956.8M,9322759.34859
IRET,1.985B,3084331.10305
IRL,5.715B,222341.752628
IRR,942.6M,872788.865126
ISD,97.459B,2165320.15352
ISF,98.189B,2203279.67055
ISG,164.4M,1564523.19042
ISI,98.150B,err
ISP,320.7M,886667.167257
IST,6.263B,372558.493094
ITB,5.726B,115423458.863
ITF,587.5M,312688.320121
ITR,4.396B,3751730.84416
ITT,80.252B,29177595.7778
ITUB,36.390B,166248560.371
ITW,567.8M,152765107.499
IVOV,2.115B,1002348.58087
IVW,16.221B,64078137.3375
IWZ,21.231B,err
JAG,7.567B,err
JBK,4.214B,30677.5735087
JBR,885.2M,61299.3448765
JCE,33.248B,832322.925657
JCO,2.606B,err
JDD,809.2M,686660.718952
JE,7.085B,3873506.39696
JHS,29.506B,395608.71243
JKL,921.4M,1334978.21852
JLA,5.594B,1094934.51153
JMF,161.0M,2268601.33333
JMI,144.1M,3089177.2413
JMT,299.2B,452134.171361
JNJ,11.437B,733766663.662
JNPR,2.379B,169842459.076
JO,2.362B,5610947.97594
JOF,6.122B,634772.691666
JPI,217.7B,1818474.05498
JRI,444.5M,813118.929031
JWF,12.825B,err
JZV,23.302B,err
K,426.6M,122644953.724
KAI,1.158B,1365558.28521
KAMN,4.395B,4030323.8726
KAR,13.213B,35963844.8014
KBE,1.502B,40236287.7901
KBH,3.486B,73923312.8175
KCE,1.479B,1548929.60893
KEF,1.342B,178278.057249
KEG,261.3M,19762424.7297
KEM,24.037B,906238.799873
KEP,6.590B,4489837.5279
KEX,12.640B,35042865.7594
KFP,104.3M,err
KFS,1.448B,105081.993816
KFY,4.749B,9332968.19756
KIE,9.472B,7677761.69628
KIM_K,1.043B,err
KKD,9.637B,24864567.2814
KLD,41.975B,687427.228144
KMF,209.3M,2008381.8832
KMG,36.974B,382730.520642
KMM,36.905B,613454.161279
KMP,2.056B,101555520.58
KMPR,9.900B,5836877.33363
KMR,3.635B,39430756.4493
KMT,11.016B,28043753.509
KMX,1.275B,75090922.3544
KND,825.3M,10540936.7201
KNL,3.133B,2747239.83121
KNR,1.894B,err
KNXA,184.4B,err
KO,23.461B,587933417.753
KOF,3.798B,9748513.18394
KOL,770.1M,2362323.55278
KOP,18.353B,5158379.73475
KORS,4.187B,294379029.578
KOS,23.872B,7491561.32276
KR,740.1M,157521182.745
KRB_E,5.079B,err
KRE,798.4M,114718566.576
KRJ,1.820B,err
KRU,3.192B,478587.798954
KSM,10.940B,389358.959165
KST,11.809B,230590.836191
KSU_,7.275B,err
KUB,2.424B,err
KW,454.7M,7938911.54514
KWK,990.8M,8985355.58734
KYN_E,17.632B,err
KYO,16.948B,1046616.79719
L,2.411B,41839215.5985
LAG,97.7M,3689799.54484
LATM,6.373B,54705.4870784
LDK,475.4M,err
LDP,404.4M,2240470.91748
LDR,7.194B,1635210.61344
LEA,229.4M,64982466.355
LEE,4.728B,1614230.66387
LEG,8.487B,30272005.16
LEO,518.5M,1227503.6712
LF,73.077B,12290678.9857
LFC,7.419B,8044693.19469
LFL,1.590B,10167897.292
LG,3.960B,9856841.67853
LGI,504.7M,369060.410937
LGP,8.581B,1429847.40054
LHB,3.711B,err
LHO_I,4.352B,err
LIT,2.080B,424870.249621
LL,10.491B,73373523.4325
LLL,67.580B,76154320.8016
LLY,6.013B,296094743.374
LM,51.172B,51454648.0164
LMT,13.559B,241247374.146
LNC_,254.4M,err
LND,20.699B,17184.2712152
LNKD,1.077B,529292890.123
LNN,6.642B,15441886.0853
LNT,22.122B,26789090.3883
LO,1.285B,165799030.094
LOR,46.575B,377349.842769
LOW,4.257B,314918726.63
LPI,10.921B,41285124.2395
LPS,2.087B,6938801.9229
LPX,468.2M,49759812.2406
LRE,995.2M,1830211.03113
LSI,1.348B,err
LTL,1.884B,29184.4092127
LTM,142.6M,26033264.482
LUB,9.737B,239880.789341
LUK,18.659B,35724092.6886
LUV,27.723B,133949656.616
LVL,10.413B,521405.299751
LVLT,61.450B,56186411.5797
LWC,509.2M,1089706.05899
LXFR,2.898B,1422399.44032
LXK,2.580B,37304158.6338
LXP_D,914.9M,err
LXU,51.981B,5909731.76312
LYB,92.558B,271153091.414
LYG_A,4.788B,err
LYV,1.230B,26800516.0611
LZB,20.905B,11038656.6743
M,85.340B,227391404.261
MA,5.431B,2616101910.91
MAA,9.348B,35562953.0081
MAC,1.414B,48575324.7761
MAIN,6.684B,9656750.26896
MAN,2.870B,53398051.4233
MANU,18.570B,1314549.06988
MAR,7.858B,118125620.665
MAS,1.085B,95868786.0482
MBB,2.303B,49375218.0905
MBI,19.711B,34232595.3121
MCC,100.4B,7385489.52291
MCI,43.198B,255075.439366
MCN,18.538B,463465.769532
MCO,626.5M,76926313.3325
MCRO,478.2M,438789.000525
MCS,2.570B,1083747.64555
MCY,5.795B,5794824.99174
MD,1.432B,40357322.2713
MDF,2.103B,0
MDP,1.936B,13771442.1598
MDR,63.928B,39380448.1429
MDT,6.511B,292345168.676
MDYV,416.1M,736391.567721
MED,1.804B,5160353.18276
MEG,1.252B,5342407.26741
MES,62.942B,471740.401417
MET_B,2.977B,err
MFB,36.357B,err
MFD,49.470B,506229.196829
MFV,676.3M,138890.850959
MG,23.462B,2168146.21634
MGF,806.2M,483287.310564
MGK,12.712B,5478502.24445
MHI,9.932B,1020416.17423
MHNA,577.2M,323557.88887
MHP,1.455B,err
MHY,3.447B,786743.039486
MIE,351.1M,2178373.14417
MIG,468.5M,2126031.95139
MIL,249.7M,1209034.42516
MINT,529.3M,40764407.8536
MJI,18.650B,324416.088754
MJN,9.289B,128790911.772
MKH,9.083B,err
MLG,1.659B,err
MLI,6.070B,11328065.353
MLM,129.0M,61140305.7293
MLPS,230.0M,27753.720976
MLU,477.2M,9014933.61106
MM,28.607B,12566217.7243
MMD,93.987B,1733624.17683
MMM,18.962B,334526145.965
MMR,2.883B,err
MMU,233.9M,1337783.78846
MNE,465.7M,199935.942898
MNP,447.6M,449114.471412
MNR_B,83.472B,err
MO,743.0M,302217071.15
MOD,281.6M,3262978.57986
MOG_B,2.068B,err
MOH,66.428B,21884385.2087
MON,66.428B,303776735.027
MOS,19.168B,203665422.647
MOV,1.061B,6255205.70282
MPC,23.371B,279919941.781
MPLX,4.839B,3452789.68807
MPO,472.2M,4149319.01636
MPW,2.150B,16828368.8711
MPX,308.3M,157856.260527
MR,3.631B,29307058.2393
MRC,2.885B,29354313.6912
MRH,1.463B,8067345.86535
MRIN,384.8M,1984224.4644
MRK,172.0B,623545566.082
MRO,26.847B,204486284.731
MS,63.535B,360752289.129
MSA,2.188B,6139771.51543
MSB,257.3M,1078028.62278
MSCI,5.204B,23916085.9013
MSI,16.917B,102826124.642
MSM,5.896B,32542543.0986
MSO,267.6M,982511.226307
MT,26.760B,80299223.3417
MTB,16.327B,96712466.1428
MTD,7.263B,37594739.4385
MTDR,1.857B,20263801.2745
MTG,3.152B,52390551.1027
MTH,1.622B,26627648.3401
MTL,882.5M,3843093.22159
MTN,2.790B,13029291.7957
MTOR,1.255B,15423739.4176
MTR,61.9M,192277.151103
MTRN,751.9M,2673152.01068
MTU,86.951B,9568314.90875
MTW,3.960B,59197066.1309
MTX,2.255B,9344513.87092
MTZ,2.299B,29796931.8969
MUR,11.804B,95608192.1216
MUSA,2.271B,25906306.3907
MUX,841.0M,7096838.40286
MVO,320.6M,1163108.65707
MW,2.685B,43209674.8093
MWA,1.348B,9942953.20975
MWE,11.434B,59058970.5839
MWV,7.324B,44873394.1445
MWW,601.6M,13107047.3748
MX,483.6M,5487493.49088
MXL,358.2M,1480903.73427
MXT,276.5M,26115.5143583
MY,425.8M,3960605.28163
MYE,659.9M,3110617.37744
N,6.465B,54094225.4489
NAT,726.7M,12298853.7297
NAV,3.099B,36961586.1497
NBG,8.771B,20761996.4753
NBHC,859.8M,3195772.71783
NBL,28.285B,133603378.046
NBR,8.120B,80425503.1227
NC,398.8M,1009303.69776
NCI,845.3M,3237162.52372
NCR,5.479B,75934884.6294
NCS,1.396B,5535399.51729
NCT,1.690B,23588780.8209
NDRO,447.3M,2866527.65053
NDZ,788.1M,5573615.45477
NE,8.494B,121162658.87
NED,101.3M,79197.8627087
NEE,44.375B,182207499.506
NEM,12.403B,226738524.921
NEU,5.008B,16277694.6375
NFG,6.454B,29155247.092
NFX,5.831B,77354150.3422
NGG,55.090B,28164305.958
NGL,3.484B,8633288.64581
NGLS,8.293B,17633323.0224
NGS,403.5M,1321073.31722
NGVC,477.6M,5458121.93445
NHI,2.055B,9227759.9238
NI,12.422B,68145734.1384
NJ,17.023B,1653845.51077
NJR,2.381B,9906679.56943
NKA,566.4M,1525158.49519
NKE,67.151B,274417287.669
NL,419.1M,218268.604655
NLS,339.9M,2163579.28206
NLSN,18.275B,89813644.606
NLY,11.067B,133857228.148
NM,1.031B,7458849.69161
NMFC,751.3M,5878244.85606
NMM,1.536B,8167749.26626
NMR,26.655B,3703983.54388
NNA,561.2M,966899.027829
NNI,1.901B,3621960.74077
NNN,4.570B,40302676.071
NOA,278.4M,479832.475853
NOAH,756.6M,8500004.95399
NOC,25.846B,147850410.653
NOK,28.596B,193773921.731
NOR,233.1M,1820530.42823
NOV,34.667B,289200152.771
NOW,8.883B,104376706.033
NP,892.0M,3220516.01608
NPD,229.0M,246769.905961
NPK,494.0M,1698433.92346
NPO,1.667B,11837971.4222
NPTN,124.5M,890401.252629
NQ,402.4M,74814865.6626
NR,1.022B,7906428.46438
NRF,5.625B,85894729.757
NRG,12.421B,104640766.419
NRP,1.766B,5462850.64935
NRT,218.6M,582983.999663
NS,4.751B,23979802.2449
NSC,31.677B,154453800.356
NSH,1.571B,6708283.17167
NSLP,371.1M,851359.513345
NSM,3.265B,40876604.2472
NSP,840.8M,3514163.8666
NSR,1.546B,39830683.5372
NTI,2.468B,20750864.5033
NTL,3.221B,159307.007927
NTT,68.667B,7495694.29718
NTZ,139.4M,82976.822136
NU,14.731B,69054134.6915
NUE,15.904B,90352367.0743
NUS,4.403B,154497003.608
NVO,120.9B,151453790.543
NVR,5.075B,42885503.9139
NVS,221.0B,124714586.611
NWE,2.019B,8615314.20627
NWL,8.572B,63767887.8378
NWN,1.267B,5207199.58268
NWY,229.3M,879218.488109
NX,667.4M,5956962.086
NYCB,7.007B,39539134.9917
NYT,2.356B,13609851.0529
O,9.812B,87183839.147
OAK,2.168B,11931062.314
OAKS,120.6M,1140845.66065
OAS,5.372B,89243698.9777
OB,1.473B,1187021.56566
OC,4.608B,65373091.1449
OCN,5.022B,109566975.899
OCR,6.533B,63584309.2516
ODC,216.9M,441080.37013
ODP,2.952B,47043840.3934
OEH,1.459B,6307751.03986
OFC,2.445B,15124789.7231
OFG,833.2M,6266978.27245
OGE,7.569B,32687199.2102
OHI,4.600B,36776108.4783
OI,5.688B,33846545.4907
OIBR,1.529B,12104540.8359
OII,8.252B,62741114.7669
OILT,3.902B,3382709.89209
OIS,3.377B,106895397.402
OKE,14.139B,86542298.7586
OKS,13.345B,29657738.4712
OLN,2.130B,27445729.4277
OLP,344.6M,742181.564532
OMC,18.489B,120187952.535
OME,280.3M,1647869.39914
OMG,1.037B,5758772.81843
OMI,2.232B,14688536.4963
OMN,458.5M,898941.665383
ONB,1.410B,8047360.73818
ONE,169.5M,2112020.06166
OPK,3.604B,32820696.2908
OPY,326.7M,715439.549221
ORA,1.297B,2016144.15584
ORB,1.852B,8636494.01317
ORI,4.293B,22075558.3636
ORN,298.5M,1201931.69243
OSK,4.678B,38321918.8982
OWW,947.2M,8748815.85036
OXF,19.9M,100695.489796
OXM,1.108B,6044339.74296
OXY,80.620B,358586193.306
OZM,2.268B,13591991.0855
P,5.938B,270977737.987
PAA,21.541B,53391319.9289
PAC,3.627B,2944473.57958
PACD,2.171B,4046560.55928
PAG,4.240B,13973628.5788
PAM,508.9M,1264188.38881
PANW,6.147B,84319522.129
PAR,66.3M,85693.3721632
PAY,4.121B,47812138.6241
PB,4.309B,21056720.2053
PBA,13.734B,5052887.3481
PBF,1.956B,33392856.8742
PBH,1.776B,11298650.7256
PBI,5.625B,75913906.4813
PBR,96.138B,272204216.082
PBT,673.6M,1891261.27037
PBY,591.1M,3584659.06494
PBYI,1.872B,23601680.6654
PCG,21.864B,124111085.832
PCL,7.941B,45741817.2788
PCP,36.944B,164982639.087
PDH,2.003B,4722484.43644
PDM,2.919B,17629443.8457
PDS,4.007B,16019809.4315
PEB,2.352B,9328877.5454
PEG,20.030B,122781997.894
PEI,1.274B,11229428.6532
PEO,833.8M,1368452.27691
PEP,134.3B,403494792.2
PER,658.9M,4130141.01654
PES,1.069B,5718600.06454
PF,3.795B,21778627.3739
PFE,190.1B,814691193.865
PFG,14.797B,59724204.6464
PFS,989.0M,3119275.24896
PFX,141.8M,368463.535878
PG,214.6B,649371766.494
PGH,3.662B,8261397.5156
PGI,610.5M,1950992.82497
PGR,14.996B,92773142.1109
PH,18.754B,117446970.415
PHG,28.026B,18408963.5715
PHH,1.315B,25870905.74
PHI,14.405B,6077264.18958
PHM,7.565B,149152739.632
PHX,485.5M,767286.533276
PII,8.509B,80706799.22
PIKE,279.0M,2011387.99609
PIR,1.424B,35601606.2189
PJC,824.9M,3970358.82652
PKD,795.6M,5412116.08363
PKE,555.3M,1427400.20071
PKG,6.864B,56165516.1713
PKI,5.291B,35007718.0594
PKX,23.290B,16538469.5495
PKY,2.156B,9099155.64479
PL,5.474B,32058756.6318
PLD,20.767B,89838555.4993
PLL,9.326B,43558308.3776
PLOW,391.8M,1551445.01063
PLT,1.922B,9042924.16388
PM,139.8B,433741178.925
PMC,859.9M,5850071.4891
PMT,1.623B,17640045.3928
PNC,47.399B,162320163.878
PNK,1.501B,22532127.1498
PNM,2.311B,10709833.1531
PNR,14.435B,78508489.0933
PNW,6.230B,49311856.6125
PNX,274.1M,1596221.64485
PNY,2.898B,8980095.36914
POL,3.852B,20659457.4599
POM,6.863B,57317962.0034
POR,2.670B,20875921.3376
POST,1.937B,24312797.6111
POT,32.168B,262537461.46
PPC,6.520B,19407636.3938
PPG,28.270B,135441357.024
PPL,21.833B,142435868.293
PPO,2.150B,21883821.0031
PPP,1.227B,2742886.66426
PPS,2.878B,21194706.9245
PQ,472.5M,3058085.35354
PRA,2.634B,12838472.2465
PRE,5.456B,46835442.4547
PRGN,140.3M,1587478.08467
PRI,2.597B,9929882.30212
PRIS,528.3M,85434.5736774
PRLB,2.052B,30381094.3275
PRO,742.1M,3603048.09637
PRU,41.224B,197685138.319
PSA,29.280B,106031063.848
PSB,2.236B,7836004.19444
PSO,15.571B,5812101.2642
PSX,46.037B,245514611.3
PT,3.301B,1879004.04565
PTP,1.725B,9725165.46448
PTR,223.4B,18693754.1699
PUK,57.462B,7615235.90038
PULS,32.9M,81090.3579178
PVA,1.085B,30738004.9288
PVD,2.037B,1167379.26331
PVG,863.5M,4150158.91368
PVH,9.571B,123321306.165
PWE,4.704B,18074019.3522
PWR,7.479B,54278357.1486
PX,38.489B,131747589.3
PXD,33.340B,290881126.395
PZE,1.309B,1054996.87281
PZN,131.9M,577170.637732
QEP,6.036B,65254464.2599
QIHU,11.371B,267599758.211
QRE,1.201B,5054469.69135
QTM,298.2M,1806178.85789
QUAD,1.067B,4599450.16735
R,4.608B,39347530.1248
RAD,6.946B,148738012.308
RAI,32.499B,111599155.741
RAS,675.6M,6614099.49684
RATE,1.877B,11840566.8632
RAX,5.228B,112953777.441
RBA,2.619B,11375139.2331
RBC,3.511B,22482474.6317
RBS,62.328B,10790525.9338
RCI,20.579B,18960952.0261
RCL,12.459B,79629005.7931
RDC,3.925B,50902370.7253
RDN,2.646B,53746007.2686
RDY,6.970B,10981915.639
RE,7.384B,53629253.4838
REG,5.081B,23154098.9473
REN,623.6M,5867770.28264
RENN,1.202B,8852195.13859
RES,5.099B,14375597.6971
RESI,1.478B,21487472.3156
REV,1.562B,1663333.94713
REX,601.5M,3560110.00608
RF,14.728B,150974535.163
RFP,1.551B,5934452.9058
RGA,5.434B,29044295.426
RGC,3.286B,17976759.2562
RGP,11.199B,19076697.3762
RGR,1.136B,23679700.4434
RGS,783.8M,7235765.46188
RH,3.516B,66833916.2748
RHI,6.468B,38509225.5095
RHP,2.396B,26382612.7122
RHT,10.493B,91600653.8073
RIG,16.206B,216619109.003
RIO,97.718B,139154485.283
RIOM,385.8M,462853.891662
RJF,7.080B,35757110.4871
RKT,7.396B,68208751.1369
RKUS,937.0M,18888999.3879
RL,13.836B,156575090.006
RLD,632.5M,3763061.66074
RLGY,5.393B,88440557.229
RLH,109.3M,191148.936543
RLI,1.957B,9282970.63155
RLJ,3.460B,18559336.4929
RM,193.1M,3606822.32393
RMD,7.240B,52768044.7339
RNDY,263.1M,4723478.1051
RNF,634.7M,3785463.98191
RNO,400.7M,876001.857319
RNR,4.309B,45899186.2664
ROC,5.452B,59349433.1422
ROG,1.163B,5029386.76656
ROK,17.270B,84711264.3946
ROL,4.362B,4537491.02979
ROP,14.611B,60705990.2476
ROYT,498.9M,4407652.11173
RPAI,3.594B,18248576.6622
RPM,6.099B,23949253.7567
RPT,1.124B,4822168.68353
RRC,13.804B,128628013.108
RRMS,1.389B,2524916.58318
RRTS,1.058B,7250536.15281
RS,5.737B,32023678.4629
RSE,988.8M,5887972.71418
RSG,13.417B,53579046.4269
RSH,91.6M,7840057.37398
RSO,700.0M,5922626.67443
RST,205.9M,1936782.99882
RT,446.6M,4521587.60283
RTI,807.3M,6539586.85166
RTN,29.631B,163243560.045
RUK,18.530B,1159502.85124
RWT,1.627B,12806499.3483
RXN,2.887B,9237319.86559
RY,100.6B,29892384.7453
RYL,1.835B,52217452.99
RYN,6.028B,43056904.4059
S,33.724B,146905040.207
SA,436.0M,5474066.44668
SAH,1.368B,8232087.30721
SAM,2.881B,13918258.3783
SAN,120.7B,52862127.7667
SAP,92.079B,78627292.0793
SAR,84.2M,177916.025622
SB,791.0M,4320877.37641
SBGL,1.942B,5573773.39021
SBH,4.038B,47160280.1175
SBR,870.9M,1051245.93506
SBS,7.443B,22375849.2246
SBY,638.0M,5600282.09092
SCCO,24.745B,54402835.1552
SCG,7.504B,36300676.4469
SCHW,35.235B,191772398.282
SCI,4.360B,26822493.1299
SCL,1.165B,3281386.85444
SCS,2.177B,7757641.56249
SCX,107.0M,197576.836828
SD,3.471B,57049516.7519
SDLP,2.472B,8356849.91324
SDR,392.8M,3694224.81342
SDRL,18.385B,135073438.413
SDT,177.0M,2459087.68775
SE,28.357B,107142849.489
SEE,7.359B,54219996.728
SEM,2.042B,8769532.496
SEMG,3.344B,23903003.9268
SEP,15.091B,9234160.07208
SF,3.094B,18348116.9433
SFE,412.4M,1677505.85439
SFG,2.801B,12842451.0148
SFL,1.712B,9163432.76584
SFUN,3.755B,380918429.122
SFY,557.7M,17011457.3316
SGK,526.4M,897919.071232
SGU,352.3M,437207.923765
SGY,2.222B,27508435.2314
SHG,21.495B,2034317.75277
SHI,2.825B,623875.635951
SHO,2.719B,21005532.0248
SHW,20.365B,125797881.204
SID,6.342B,27447282.1734
SIG,8.812B,80581748.8263
SIX,4.091B,26335875.9664
SJI,1.953B,6689383.80503
SJM,10.849B,69262086.6092
SJR,11.246B,7193877.16883
SJT,905.2M,1711992.27274
SJW,553.6M,1084728.47285
SKH,263.8M,713857.994713
SKM,16.891B,22180293.633
SKT,3.301B,21839531.0716
SKX,2.320B,19688449.0123
SKY,34.5M,124453.697288
SLB,148.3B,533996332.797
SLCA,2.896B,52668519.2885
SLF,22.177B,10153430.3833
SLG,10.456B,59423656.3495
SLH,4.526B,15839774.6494
SLW,9.061B,108546102.492
SM,5.697B,76288844.8742
SMA,328.1M,1325619.02785
SMFG,58.519B,12286284.9535
SMG,3.486B,18632079.9174
SMI,2.635B,909348.183978
SMLP,2.959B,2853444.19048
SMP,993.4M,4115400.8079
SN,1.863B,27667116.5991
SNA,6.879B,29473020.3227
SNE,17.649B,46880905.5476
SNH,4.922B,39514772.7437
SNI,11.538B,60609624.2784
SNN,15.770B,8347754.54004
SNP,109.1B,12204733.4057
SNV,3.383B,8226010.5827
SNX,2.786B,11503058.9351
SNY,141.3B,82222492.8264
SO,39.793B,206257587.983
SOL,307.1M,13708746.2962
SON,4.429B,16324722.146
SPA,279.2M,1558220.98296
SPB,4.402B,14091697.5679
SPF,2.352B,31081671.2405
SPG,51.582B,225183745.888
SPH,2.801B,7348311.05482
SPLP,464.9M,272304.273758
SPN,5.619B,53786393.1045
SPR,4.893B,38367541.8721
SPW,4.723B,29061752.6489
SQM,7.920B,24587041.3183
SQNS,106.5M,421327.601338
SR,51.3M,772011.284791
SRC,4.167B,46086742.3161
SRE,25.685B,101025331.053
SRI,293.5M,1877495.31876
SRT,113.9M,132749.167548
SSD,1.777B,6025379.03564
SSI,606.5M,8653979.41738
SSL,37.985B,8965491.34438
SSNI,647.0M,7078041.05454
SSP,1.156B,6867723.81972
SSS,2.475B,13144770.5329
SSTK,3.044B,19012416.758
SSW,2.193B,4703859.60231
ST,7.869B,37892855.514
STAG,1.290B,6780621.75587
STC,718.3M,5488214.39385
STE,3.172B,12331727.7198
STI,21.406B,120900477.771
STJ,19.950B,119972691.595
STL,907.8M,3180406.04257
STM,8.194B,7973052.39889
STN,2.912B,723798.054099
STNG,1.865B,13513968.0363
STO,98.827B,33659693.317
STON,569.3M,2237743.81554
STR,4.284B,24330589.1631
STRI,32.8M,503144.494096
STT,29.282B,166555358.555
STV,262.2M,804600.925751
STWD,4.582B,60546046.6091
STZ,16.983B,102870697.031
SU,61.261B,122502066.396
SUI,1.986B,8332655.56215
SUP,548.1M,2038379.22904
SUSP,1.015B,1785785.77272
SUSS,1.726B,18309377.0889
SVM,347.8M,2971557.4062
SVU,1.998B,28349833.152
SWC,2.023B,23641156.1055
SWFT,3.547B,40162400.7925
SWI,2.875B,40134489.8934
SWK,13.669B,109703674.373
SWM,1.305B,9947772.4822
SWN,16.130B,156487758.093
SWS,239.7M,1055205.78861
SWX,2.460B,8104215.2968
SWY,7.783B,166754039.145
SXC,1.448B,9562268.17121
SXCP,950.2M,1457587.26958
SXE,775.3M,1636583.18011
SXI,963.8M,3184018.23422
SXL,9.626B,28074637.5806
SXT,2.708B,12670088.3664
SYA,2.631B,7714872.82173
SYK,32.297B,110730753.577
SYT,34.645B,17149762.4798
SYX,522.2M,372371.493844
SYY,21.892B,132930427.935
T,183.0B,861056603.249
TA,311.2M,2772127.99743
TAC,3.226B,1470882.38538
TAHO,3.768B,1873362.56811
TAL,1.469B,21189641.7608
TAOM,179.8M,333348.442495
TAP,13.646B,65012280.5285
TARO,4.879B,3629586.29314
TBI,1.095B,6051398.08057
TC,494.7M,4869153.62591
TCAP,757.8M,5184019.53325
TCB,2.661B,17040767.6875
TCI,118.0M,28353.4694321
TCK,12.719B,53618553.6617
TCO,4.755B,546721.57391
TCP,3.189B,7401657.15073
TD,93.153B,54925601.893
TDC,6.619B,109907180.779
TDE,2.730B,718441.804122
TDG,8.876B,70228441.0567
TDI,2.694B,193327.134986
TDJ,2.794B,811693.859161
TDS,2.814B,17893903.7413
TDW,2.714B,24347081.6329
TDY,3.615B,12157453.7884
TE,3.936B,37930635.5741
TEF,77.063B,17769103.2135
TEG,5.514B,25208680.5362
TEL,24.949B,93301139.268
TEN,3.992B,31052405.1723
TEO,4.625B,3842264.84787
TER,3.755B,47189036.6945
TEU,38.0M,582409.660482
TEVA,44.874B,253249486.716
TEX,4.363B,69203635.7796
TFX,4.352B,24428345.2474
TG,749.0M,1784245.79241
TGH,2.160B,7130063.75426
TGI,3.657B,42161361.6646
TGP,3.410B,6633816.99134
TGS,452.9M,466336.784506
TGT,36.793B,339306891.229
THC,4.681B,76929462.8248
THG,2.820B,11854909.6277
THI,7.273B,13977836.2627
THO,3.047B,20923884.5063
THR,836.0M,3586715.10339
THS,2.891B,12893978.9763
TI,24.255B,2138049.93102
TIF,12.882B,94161786.7822
TISI,801.8M,3662695.74869
TJX,37.215B,206257917.247
TK,4.428B,16849644.7515
TKC,13.552B,6523080.11207
TKR,6.170B,48193003.0531
TLK,19.945B,10993809.3307
TLLP,3.903B,13777083.8632
TLM,10.845B,48704424.1815
TLP,702.4M,1256873.16471
TLYS,217.5M,1188565.60408
TM,186.2B,48371082.6809
TMH,3.569B,24635495.969
TMK,7.223B,31717660.3235
TMO,47.529B,204873545.917
TNC,1.308B,4463120.86058
TNH,2.683B,4502877.34502
TNK,359.9M,1842020.40569
TNP,510.1M,2873196.91422
TOL,6.542B,110481659.235
TOO,3.165B,4780219.61668
TOT,165.9B,71670123.6707
TOWR,747.7M,5476535.65702
TPC,1.497B,6034595.34959
TPH,504.5M,6126806.04936
TPL,1.385B,1506553.58323
TPX,4.157B,53716126.3866
TR,1.737B,2322695.5022
TRC,639.3M,1219620.87592
TREX,954.7M,29153608.0228
TRGP,5.621B,24315738.4219
TRI,29.256B,28698456.7128
TRK,759.6M,521346.207335
TRLA,1.687B,56141903.4366
TRN,6.700B,156283770.599
TRNO,477.0M,1414522.77004
TROX,3.065B,14906918.3545
TRP,33.179B,21052513.1839
TRQ,6.862B,19835732.1246
TRR,144.4M,191174.982853
TRV,32.961B,186214536.777
TRW,9.838B,70674462.3304
TS,27.442B,48206781.0682
TSL,999.8M,69965561.1914
TSM,109.1B,189784837.506
TSN,12.675B,146972686.699
TSO,7.664B,169023452.044
TSS,5.881B,41221575.1449
TSU,14.390B,33401701.6273
TTC,3.512B,13059623.1461
TTI,916.4M,6228728.74088
TU,22.761B,6314113.94367
TUMI,1.451B,11486616.1146
TUP,4.254B,40028345.2727
TV,20.003B,57969499.9612
TW,7.353B,75799341.7266
TWC,40.457B,330231539.697
TWI,838.4M,12707699.5484
TWO,3.844B,40465905.8617
TWX,60.926B,340336859.05
TX,5.707B,6104198.63059
TXI,2.643B,17123576.7916
TXT,10.621B,71855581.4694
TYC,21.140B,116451819.273
TYL,2.971B,16228357.073
UA,12.608B,239146164.583
UAL,15.616B,212302628.44
UAM,720.9M,1720944.08231
UAN,1.334B,5206642.98145
UBA,638.7M,1442929.32486
UBP,554.3M,35066.7873541
UBS,71.009B,41559537.7477
UDR,7.141B,38972215.6319
UFI,524.2M,1660518.42507
UFS,2.821B,73230633.1549
UGI,5.707B,23435872.5283
UGP,13.206B,7425676.25693
UHS,9.581B,56848155.9619
UHT,559.3M,1471969.8477
UIL,2.151B,13248530.0221
UIS,1.247B,15830586.6486
UL,128.1B,52841859.5854
UMC,5.991B,2524455.58115
UMH,217.3M,732472.983477
UN,124.3B,68743899.9311
UNF,2.084B,6632473.16851
UNH,80.682B,344075159.008
UNM,8.978B,50039479.5599
UNP,90.664B,643916440.074
UNS,2.518B,18146963.7221
UNT,3.331B,14289714.5406
UPL,4.498B,74435920.2014
UPS,93.746B,289227224.548
URI,10.270B,124358849.528
URS,3.108B,40590826.8741
USAC,956.3M,1960947.56396
USB,78.260B,290401993.401
USG,4.092B,52331724.9308
USM,3.357B,4483835.14919
USNA,1.073B,9639927.45551
USPH,405.7M,1054714.09144
USU,13.2M,3659079.91571
UTI,280.1M,764425.761624
UTL,481.3M,1325754.57413
UTX,106.5B,342277905.03
UVV,1.281B,11476211.0165
UZA,2.133B,1019364.62643
V,131.3B,691280867.535
VAC,1.983B,10297252.8608
VAL,6.387B,39185547.4369
VALE,67.252B,272389422.658
VAR,8.734B,54786649.9819
VC,4.631B,46272993.9282
VCO,1.528B,186969.443751
VCRA,332.2M,3229810.80248
VE,10.693B,3391049.10987
VET,7.288B,805511.515152
VFC,27.041B,274386543.305
VG,795.8M,6032883.40179
VGR,2.053B,13826130.3337
VHI,1.970B,1007821.6385
VIP,16.595B,26922398.3293
VIPS,10.191B,118509775.405
VIV,22.757B,35733144.7771
VLO,27.402B,355556436.229
VLY,2.013B,14418636.685
VMC,8.306B,48220232.2783
VMI,4.019B,39400773.9484
VMW,41.360B,177343722.164
VNO,19.927B,78423449.7938
VNR,2.561B,10466615.9615
VNTV,4.609B,46819173.3045
VOC,279.5M,1190523.70248
VPG,219.5M,799287.797493
VR,3.411B,26892263.3733
VRS,90.1M,462777.073387
VRX,42.224B,238153004.849
VSH,2.254B,14686611.2816
VSI,1.319B,25571999.0383
VTR,18.761B,106717073.082
VVC,3.439B,11503367.2064
VVI,467.5M,2340209.7268
VZ,204.6B,1041073748.69
WAB,7.983B,37123296.309
WAC,1.116B,23380446.9743
WAG,70.802B,354839536.61
WAGE,1.732B,18530686.2691
WAIR,1.977B,6759056.06612
WAL,2.088B,8326317.202
WAT,8.949B,54374769.4617
WBC,6.708B,39923405.6423
WBK,98.840B,4175581.09091
WBS,2.821B,15971958.8604
WCC,3.896B,43862948.7884
WCG,3.313B,38864933.5436
WCN,5.915B,24759725.963
WD,469.6M,1922294.93456
WDAY,16.106B,135809383.879
WDR,5.297B,44093880.5012
WEC,10.403B,74336391.8502
WES,8.913B,12116254.0407
WF,7.838B,271221.636251
WFC,277.0B,751791969.718
WFT,17.531B,133512245.369
WG,618.5M,3201709.59679
WGL,2.216B,11573294.0711
WGO,648.3M,7645340.44746
WGP,13.292B,4181918.49752
WH,18.8M,80732.3829137
WHG,454.2M,1125312.60659
WHR,10.805B,147958997.823
WHX,30.5M,1583320.95918
WHZ,228.5M,2079435.06703
WIT,28.122B,8248052.51069
WLK,11.081B,73592387.0164
WLL,9.455B,112049467.257
WLP,30.412B,214966762.784
WLT,357.4M,78512538.4593
WM,20.690B,83919192.9915
WMB,39.753B,254702638.637
WMC,588.6M,10861805.9949
WMK,1.216B,1309724.24952
WMT,243.8B,476922691.094
WNC,1.010B,8729557.09975
WNR,3.068B,54403842.6003
WNS,972.5M,2421303.33953
WOR,3.000B,14588287.3274
WPC,6.404B,32683119.1619
WPP,532.0M,2364164.84901
WPX,4.678B,58259739.8985
WPZ,23.598B,37382034.0377
WR,4.845B,31030912.9337
WRB,5.827B,22817767.3104
WRD,2.520B,277163.544733
WRE,1.726B,9500554.05607
WRI,4.013B,20642158.7927
WSH,7.736B,31068647.2909
WSM,6.709B,65068803.72
WSO,3.281B,22512141.8925
WSR,330.5M,1679113.72926
WST,2.953B,14244954.8549
WTI,1.232B,11658393.3609
WTM,3.680B,7332591.34543
WTR,4.515B,17498517.3223
WTS,2.170B,8957271.71346
WTW,1.207B,28248585.0659
WU,9.043B,109941430.378
WWAV,5.583B,36420160.8366
WWE,880.1M,17689865.4032
WWW,2.688B,33341984.7816
WX,2.336B,18886876.8722
WY,18.907B,127741113.522
WYN,9.545B,76914250.968
X,3.741B,159461727.506
XCO,1.491B,27671286.8955
XEC,12.411B,115900061.476
XEL,15.867B,90319041.3332
XIN,322.1M,2430429.63602
XL,8.873B,57437231.9056
XLS,3.209B,24304723.3964
XNY,54.1M,102027.107438
XOM,438.6B,1112352335.45
XOXO,302.6M,1254168.05472
XPO,1.507B,20198509.8415
XRM,219.0M,1080256.91363
XRS,2.188B,8702828.23523
XRX,14.694B,123783286.982
XUE,296.3M,610246.711981
XYL,7.235B,46759648.5417
Y,7.097B,22464950.8159
YELP,5.590B,297958637.706
YGE,587.7M,34031877.3925
YOKU,3.703B,101721281.328
YPF,13.644B,34499889.0893
YUM,36.184B,220088177.098
YZC,3.766B,1844071.70023
ZA,51.2M,280456.119413
ZEP,401.1M,1231167.78179
ZFC,128.8M,740429.223323
ZMH,17.683B,114128685.386
ZNH,3.015B,656679.907661
ZQK,599.2M,15863780.4488
ZTS,16.218B,127949403.506
ZX,114.6M,151228.227957
